filename,type,D,d_max,V_in,V_ex,V_exc,epsilon,V_cp,H_cp
compacted_30.npz,Complex crater,232.0905449,-3.66,138599.7268,13731.34762,233344.3164,0.508843482,47004.12253,12.594
