filename,type,D,d_max,V_in,V_ex,V_exc,epsilon,V_cp,H_cp
compacted_31.npz,Complex crater,211.7909686,-3.146,156497.7504,9104.898117,275251.0161,0.370150111,41085.53192,14.004
