filename,type,D,d_max,V_in,V_ex,V_exc,epsilon,V_cp,H_cp
compacted_48.npz,Complex crater,256.4567965,-11.562,325907.44,181992.9857,159740.7167,0.28702315,50534.2156,13.03
