filename,type,D,d_max,V_in,V_ex,V_exc,epsilon,V_cp,H_cp
compacted_29.npz,Complex crater,220.054681,-7.114,214340.9671,37088.10977,170102.947,0.434773331,52705.28284,17.18
