filename,type,D,d_max,V_in,V_ex,V_exc,epsilon,V_cp,H_cp,mean_h_rim
compacted_28.npz,Complex crater,210.95285916887616,-5.168000000000006,211325.97116333773,12629.556210249992,207243.0188902375,0.2541470828437551,50650.863298549455,14.354000000000042,5.983526436781611
