filename,type,D,d_max,V_in,V_ex,V_exc,epsilon,V_cp,H_cp
compacted_42.npz,Complex crater,242.7437,-7.236,224845.8575,93936.82073,136777.189,0.300579177,38147.92938,11.488
