filename,type,D,d_max,V_in,V_ex,V_exc,epsilon,V_cp,H_cp
fluized_30.npz,Complex crater,207.0246431,-11.15,342738.3712,80621.4684,255306.2856,0.203311656,160381.6508,21.414
