filename,type,D,d_max,V_in,V_ex,V_exc,epsilon,V_cp,H_cp,mean_h_rim
fluized_18.npz,Complex crater,163.8606695775783,-7.348000000000184,154860.86557797817,9062.266571499991,131519.29307540008,0.29658458756913775,29807.555936025048,12.172000000000025,5.84484496124031
