filename,type,D,d_max,V_in,V_ex,V_exc,epsilon
fluized_2.npz,Simple crater,91.56793932,-14.618,57638.63549,26845.21327,10251.66157,0.296205227
