filename,type,D,d_max,V_in,V_ex,V_exc,epsilon
fluized_18.npz,Complex crater,162.3687085,-7.348,132367.4001,9062.266571,130328.5472,0.457035128
