filename,type,D,d_max,V_in,V_ex,V_exc,epsilon
fluized_1.npz,Simple crater,91.48661667,-15.906,66833.47769,27954.52883,10673.09184,0.142587375
